TRACT_NAME,GEOID_TRACT,GEOID_NUM,NBHD_ID,NBHD_NAME,DIST_NUM,STFID,Nmbr_Age25Plus_NoDiplomaOrGED,Pct_Age25Plus_NoDiplomaOrGED,Nmbr_Age25Plus_NoCollDegree,Pct_Age25Plus_NoCollDegree,Nmbr_Age25Plus_LessThanBA,Pct_Age25Plus_LessThanBA,Nmbr_PopulationUnder18,Pct_PopulationUnder18,Nmbr_PopulationOver70,Pct_PopulationOver70,Nmbr_Age25Plus,Pct_Age25Plus,Nmbr_OccupiedUnitsWithRenters,Pct_OccupiedUnitsWithRenters,Nmbr_OccupiedUnitsWithOwners,Pct_OccupiedUnitsWithOwners,Nmbr_OccupiedUnits,Nmbr_HouseholdsCostBurdened,Pct_HouseholdsCostBurdened,Median_HouseholdIncome,Nmbr_PerCapitaIncome,Nmbr_PopulationPovDetermined,Nmbr_PopulationInPoverty,Pct_PopulationInPoverty,Nmbr_HouseholdsNoVehAccess,Pct_HouseholdsNoVehAccess,Nmbr_Households,Nmbr_PopulationWithDisability,Pct_PopulationWithDisability,Nmbr_PopCivilianNonInstitution,Nmbr_Population,Nmbr_Under18SingleParentFam,Pct_Under18InSingleParentFam,Nmbr_PopUnder18InHouseholds,Nmbr_PopulationDensity,Nmbr_PopNonHispanicWhite,Pct_PopNonHispanicWhite,Nmbr_PopulationMinority,Pct_PopulationMinority,Pct_PopOver16Unemployed
Census Tract 83.12,8031008312,8031008312,45,Montbello,8,8031008312,1243,26.34032634,3523,74.65564738,3980,84.33990252,2014,28.12849162,416,5.81005587,4719,65.90782123,1220,47.54481684,1346,52.45518316,2566,1237,48.20732658,60219,24929,7110,346,4.86638537,232,9.04130943,2566,568,7.9396142,7154,7160,464,23.0387289,2014,7208.466122,753,10.51675978,6407,89.48324022,9.7
Census Tract 7.04,8031000704,8031000704,74,West Colfax,1,8031000704,132,6.12244898,814,37.75510204,849,39.37847866,902,27.55881454,98,2.99419493,2156,65.87228842,671,53.89558233,574,46.10441767,1245,353,28.35341365,96921,57940,3225,339,10.51162791,195,15.6626506,1245,191,5.92248062,3225,3273,239,26.49667406,902,11761.53514,2186,66.7888787,1087,33.2111213,4.5
Census Tract 7.03,8031000703,8031000703,74,West Colfax,1,8031000703,180,9.80926431,894,48.71934605,949,51.71662125,248,11.70363379,268,12.64747522,1835,86.59745163,880,70.79646018,363,29.20353982,1243,531,42.71922767,46811,41825,2119,198,9.3440302,324,26.06596943,1243,400,18.87682869,2119,2119,30,12.09677419,248,11485.91661,1046,49.36290703,1073,50.63709297,7
Census Tract 27.04,8031002704,8031002704,9,Capitol Hill,10,8031002704,112,5.85161964,551,28.78787879,847,44.25287356,0,0,259,12.96945418,1914,95.84376565,1608,95.03546099,84,4.96453901,1692,845,49.94089835,40742,41885,1997,218,10.91637456,703,41.54846336,1692,596,29.84476715,1997,1997,0,None,0,14995.67851,1360,68.10215323,637,31.89784677,4.8
Census Tract 17.07,8031001707,8031001707,10,CBD,9,8031001707,62,4.37235543,345,24.33004231,361,25.4583921,20,0.81967213,128,5.24590164,1418,58.1147541,651,51.25984252,619,48.74015748,1270,508,40,113152,135301,2065,692,33.51089588,347,27.32283465,1270,157,6.43442623,2440,2440,13,100,13,9891.056499,1785,73.1557377,655,26.8442623,2.4
Census Tract 119.02,8031011902,8031011902,6,Bear Valley,2,8031011902,244,5.63380282,2142,49.45740014,2446,56.4765643,1083,18.63065543,1102,18.95750903,4331,74.50541889,985,36.48148148,1715,63.51851852,2700,1055,39.07407407,58152,36269,5813,392,6.74350593,191,7.07407407,2700,850,14.72626473,5772,5813,577,53.27793167,1083,6157.293697,3217,55.341476,2596,44.658524,2.1
Census Tract 24.05,8031002405,8031002405,26,Five Points,9,8031002405,224,7.50921891,1235,41.40127389,1428,47.87127053,464,11.8974359,189,4.84615385,2983,76.48717949,1795,74.38872772,618,25.61127228,2413,690,28.59510982,85123,61718,3854,805,20.88738972,493,20.43099876,2413,618,15.84615385,3900,3900,372,80.17241379,464,17723.85686,1745,44.74358974,2155,55.25641026,8.4
Census Tract 41.10,8031004110,8031004110,60,Central Park,8,8031004110,340,10.00294204,1764,51.89761695,1846,54.3100912,1290,25.70745317,98,1.95296931,3399,67.73614986,278,26.62835249,766,73.37164751,1044,236,22.60536398,146667,44311,3208,128,3.99002494,25,2.39463602,1044,166,5.17456359,3208,5018,201,15.58139535,1290,1997.729722,3574,71.22359506,1444,28.77640494,8.2
Census Tract 43.09,8031004309,8031004309,46,Montclair,5,8031004309,250,7.65696784,1041,31.88361409,1194,36.56967841,648,16.20405101,236,5.90147537,3265,81.64541135,721,36.78571429,1239,63.21428571,1960,684,34.89795918,93235,63661,3999,235,5.87646912,65,3.31632653,1960,175,4.37609402,3999,3999,165,25.46296296,648,7771.549483,2570,64.26606652,1429,35.73393348,3.5
Census Tract 48.01,8031004801,8031004801,35,Harvey Park South,2,8031004801,237,9.74506579,1388,57.07236842,1531,62.95230263,828,23.65714286,381,10.88571429,2432,69.48571429,158,12.61980831,1094,87.38019169,1252,244,19.48881789,100585,41399,3500,57,1.62857143,29,2.31629393,1252,388,11.08571429,3500,3500,44,5.31400966,828,6467.705269,1435,41,2065,59,0
Census Tract 83.88,8031008388,8031008388,28,Gateway - Green Valley Ranch,11,8031008388,1348,16.89223058,4825,60.46365915,5647,70.76441103,3234,26.11644997,234,1.88968747,7980,64.44318824,2268,49.16540212,2345,50.83459788,4613,1577,34.1859961,86676,38054,12383,974,7.86562222,138,2.99154563,4613,882,7.14748784,12340,12383,324,10.01855288,3234,3634.258422,2607,21.05305661,9776,78.94694339,4.2
Census Tract 42.01,8031004201,8031004201,57,South Park Hill,8,8031004201,58,1.68751818,646,18.79546116,770,22.40325866,1090,23.34547012,477,10.21632041,3437,73.6131934,311,15.77079108,1661,84.22920892,1972,294,14.90872211,141681,86152,4642,227,4.89013356,153,7.75862069,1972,214,4.61008186,4642,4669,86,8.09031044,1063,6349.729616,3521,75.41229385,1148,24.58770615,5.3
Census Tract 17.06,8031001706,8031001706,10,CBD,9,8031001706,78,4.14673046,628,33.38649654,665,35.35353535,0,0,77,3.514377,1881,85.85120949,1416,91.00257069,140,8.99742931,1556,509,32.71208226,96672,73073,2191,295,13.46417161,613,39.39588689,1556,421,19.21497033,2191,2191,0,None,0,11881.59833,1470,67.09265176,721,32.90734824,7.7
Census Tract 41.02,8031004102,8031004102,49,Northeast Park Hill,8,8031004102,580,18.00683018,2106,65.3834213,2352,73.02080099,850,19.30063579,438,9.94550409,3221,73.13805631,590,40.38329911,871,59.61670089,1461,533,36.48186174,61982,30028,4349,780,17.93515751,174,11.90965092,1461,754,17.3812817,4338,4404,174,20.73897497,839,2904.673867,1168,26.52134423,3236,73.47865577,10.2
Census Tract 31.01,8031003101,8031003101,15,City Park West,9,8031003101,20,1.65562914,397,32.86423841,402,33.2781457,409,24.46172249,103,6.16028708,1208,72.24880383,406,53.56200528,352,46.43799472,758,197,25.98944591,100571,50761,1672,182,10.88516746,98,12.92875989,758,90,5.38277512,1672,1672,265,64.79217604,409,8378.302402,972,58.13397129,700,41.86602871,2.5
Census Tract 41.11,8031004111,8031004111,60,Central Park,8,8031004111,0,0,837,19.82003315,1025,24.27184466,2288,34.56193353,33,0.49848943,4223,63.79154079,541,23.41991342,1769,76.58008658,2310,545,23.59307359,158810,67746,6562,45,0.68576653,39,1.68831169,2310,281,4.24471299,6620,6620,239,10.4458042,2288,3145.728635,4281,64.66767372,2339,35.33232628,1.2
Census Tract 40.05,8031004005,8031004005,66,University Park,6,8031004005,29,1.29522108,652,29.12014292,921,41.13443502,285,9.22330097,260,8.41423948,2239,72.45954693,1359,79.14967967,358,20.85032033,1717,573,33.37216075,65662,51296,3041,470,15.45544229,256,14.90972627,1717,304,9.86052546,3083,3090,6,2.10526316,285,7533.254198,1908,61.74757282,1182,38.25242718,4.1
Census Tract 83.06,8031008306,8031008306,45,Montbello,8,8031008306,1214,30.38038038,3169,79.3043043,3399,85.06006006,2371,33.24919366,427,5.98793998,3996,56.03702146,912,44.90398818,1119,55.09601182,2031,849,41.80206795,55871,21116,7072,1266,17.90158371,298,14.67257509,2031,587,8.2559775,7110,7131,726,30.63291139,2370,13509.87039,488,6.84335998,6643,93.15664002,8.8
Census Tract 35.02,8031003502,8031003502,25,Elyria Swansea,9,8031003502,938,46.57398213,1745,86.64349553,1795,89.12611718,1259,34.56891818,88,2.41625481,2014,55.29928611,528,51.8155054,491,48.1844946,1019,371,36.40824338,48920,20387,3642,385,10.57111477,58,5.69185476,1019,251,6.89181768,3642,3642,224,17.79189833,1259,4520.219979,269,7.38605162,3373,92.61394838,2.8
Census Tract 29.02,8031002902,8031002902,71,Washington Park West,7,8031002902,25,0.79872204,438,13.99361022,462,14.76038339,559,14.27112586,304,7.76104161,3130,79.90809293,741,38.63399374,1177,61.36600626,1918,513,26.74661105,130227,80563,3917,195,4.97829972,15,0.78206465,1918,262,6.76303562,3874,3917,39,6.97674419,559,8023.245906,3421,87.33724789,496,12.66275211,5.5
Census Tract 68.12,8031006812,8031006812,32,Hampden,4,8031006812,34,1.04326481,1258,38.60079779,1654,50.75176434,299,7.51822982,660,16.59542369,3259,81.9461906,964,43.13199105,1271,56.86800895,2235,610,27.29306488,72928,53994,3966,338,8.52244075,105,4.69798658,2235,612,15.38848378,3977,3977,84,28.09364548,299,5177.990325,3273,82.29821473,704,17.70178527,4.9
Census Tract 68.14,8031006814,8031006814,32,Hampden,4,8031006814,284,10.10676157,1324,47.11743772,1350,48.04270463,1481,33.28089888,392,8.80898876,2810,63.14606742,630,33.36864407,1258,66.63135593,1888,702,37.18220339,60711,35904,4450,857,19.25842697,14,0.74152542,1888,454,10.20224719,4450,4450,1065,71.91087103,1481,5548.186373,2439,54.80898876,2011,45.19101124,7.7
Census Tract 9.02,8031000902,8031000902,5,Barnum West,3,8031000902,1118,29.65517241,2810,74.53580902,3030,80.37135279,1024,19.38659599,318,6.0204468,3770,71.37447936,553,28.43187661,1392,71.56812339,1945,784,40.30848329,55205,28903,5273,193,3.66015551,59,3.03341902,1945,447,8.46270352,5282,5282,397,38.76953125,1024,7297.761375,1278,24.19538054,4004,75.80461946,4
Census Tract 14.03,8031001403,8031001403,50,Overland,7,8031001403,201,7.34649123,1005,36.73245614,1196,43.71345029,404,12.09943097,132,3.95327942,2736,81.94070081,1081,64.49880668,595,35.50119332,1676,724,43.19809069,67885,55644,3334,291,8.72825435,169,10.08353222,1676,367,10.99131476,3339,3339,8,2.02531646,395,2973.527325,2455,73.52500749,884,26.47499251,3.7
Census Tract 41.01,8031004101,8031004101,49,Northeast Park Hill,8,8031004101,260,8.91632373,1536,52.67489712,1751,60.04801097,1312,28.4907709,216,4.69055375,2916,63.32247557,1054,53.83043922,904,46.16956078,1958,826,42.18590398,56032,32498,4231,733,17.32450957,220,11.23595506,1958,409,9.36784242,4366,4605,738,56.25,1312,2539.829266,1154,25.0597177,3451,74.9402823,3
Census Tract 46.01,8031004601,8031004601,43,Mar Lee,2,8031004601,863,21.98166072,2818,71.77789098,3128,79.67396842,1780,28.86330469,394,6.38884385,3926,63.66142371,748,38.97863471,1171,61.02136529,1919,453,23.60604482,73903,25932,6167,772,12.51824226,141,7.34757686,1919,587,9.53851154,6154,6167,155,8.70786517,1780,8125.295295,1816,29.44705692,4351,70.55294308,4.3
Census Tract 16.03,8031001603,8031001603,26,Five Points,9,8031001603,158,3.33967449,1916,40.49883746,1986,41.97844008,646,11.10729023,252,4.33287483,4731,81.34456671,2923,91.65882722,266,8.34117278,3189,1579,49.51395422,61236,46799,5782,1409,24.36873054,695,21.79366573,3189,878,15.09628611,5816,5816,585,95.58823529,612,15866.7412,3615,62.15612105,2201,37.84387895,8.9
Census Tract 70.90,8031007090,8031007090,78,Windsor,5,8031007090,75,5.43872371,734,53.22697607,849,61.56635243,233,13.28392246,47,2.67958951,1379,78.62029647,543,54.13758724,460,45.86241276,1003,540,53.83848455,50770,43406,1754,300,17.10376283,28,2.79162512,1003,212,12.08665906,1754,1754,61,26.18025751,233,22163.81511,738,42.07525656,1016,57.92474344,0.7
Census Tract 4.01,8031000401,8031000401,62,Sunnyside,1,8031000401,422,14.15157612,1239,41.54929577,1318,44.19852448,346,9.96256838,365,10.50964584,2982,85.86236683,602,37.39130435,1008,62.60869565,1610,443,27.51552795,103158,51558,3473,291,8.37892312,169,10.49689441,1610,388,11.17189749,3473,3473,27,7.80346821,346,9193.585191,1935,55.71551972,1538,44.28448028,2.8
Census Tract 44.03,8031004403,8031004403,24,East Colfax,8,8031004403,329,10.76570681,1593,52.12696335,1696,55.4973822,562,13.62754607,225,5.45586809,3056,74.1028128,1193,58.94268775,831,41.05731225,2024,775,38.29051383,75859,41594,4124,198,4.80116392,242,11.95652174,2024,568,13.83004626,4107,4124,128,22.77580071,562,7285.520135,1982,48.06013579,2142,51.93986421,6.6
Census Tract 40.02,8031004002,8031004002,73,Wellshire,4,8031004002,48,2.00250313,483,20.15018773,541,22.56987902,747,22.46616541,603,18.13533835,2397,72.09022556,84,6.46153846,1216,93.53846154,1300,299,23,138500,72657,3325,105,3.15789474,9,0.69230769,1300,258,7.7593985,3325,3325,85,11.37884873,747,3580.886188,2739,82.37593985,586,17.62406015,1
Census Tract 70.88,8031007088,8031007088,78,Windsor,5,8031007088,188,5.11008426,1423,38.67898886,1968,53.49279696,751,14.91559086,544,10.80436941,3679,73.06852036,1974,76.86915888,594,23.13084112,2568,1375,53.54361371,57283,35525,5003,535,10.69358385,375,14.60280374,2568,670,13.5600081,4941,5035,344,45.80559254,751,5349.720869,2131,42.32373386,2904,57.67626614,4.7
Census Tract 68.10,8031006810,8031006810,33,Hampden South,4,8031006810,185,4.2656214,2086,48.09776343,2458,56.67512105,1334,21.50919058,548,8.8358594,4337,69.92905514,1278,47.99098761,1385,52.00901239,2663,1245,46.7517837,57141,31461,6202,953,15.36601096,42,1.57716861,2663,637,10.27088036,6202,6202,545,40.85457271,1334,7100.414771,3465,55.86907449,2737,44.13092551,1.4
Census Tract 45.06,8031004506,8031004506,76,Westwood,3,8031004506,830,43.04979253,1738,90.14522822,1773,91.96058091,1200,34.50258769,102,2.93271995,1928,55.43415756,672,61.31386861,424,38.68613139,1096,521,47.53649635,38171,16556,3478,1171,33.66877516,83,7.5729927,1096,404,11.61587119,3478,3478,580,48.33333333,1200,9396.685764,348,10.00575043,3130,89.99424957,2.7
Census Tract 20,8031002000,8031002000,16,Civic Center,10,8031002000,6,0.24865313,588,24.36800663,806,33.40240365,70,2.48933144,115,4.08961593,2413,85.81081081,1437,76.64,438,23.36,1875,711,37.92,102520,93375,2812,249,8.85490754,241,12.85333333,1875,309,10.9886202,2812,2812,45,64.28571429,70,9253.068123,1921,68.314367,891,31.685633,3
Census Tract 30.02,8031003002,8031003002,53,Rosedale,6,8031003002,82,3.650935,653,29.07390917,810,36.06411398,361,13.30630299,262,9.65720604,2246,82.78658312,730,52.14285714,670,47.85714286,1400,454,32.42857143,89400,54712,2713,204,7.51935127,149,10.64285714,1400,183,6.74530041,2713,2713,42,11.63434903,361,4878.726863,1911,70.43862882,802,29.56137118,4.4
Census Tract 43.02,8031004302,8031004302,31,Hale,5,8031004302,84,4.16047548,534,26.448737,667,33.03615651,764,26.0306644,221,7.52981261,2019,68.79045997,368,30.48881524,839,69.51118476,1207,327,27.09196355,95625,66390,2935,109,3.71379898,42,3.47970174,1207,145,4.94037479,2935,2935,374,48.95287958,764,6885.162065,2112,71.95911414,823,28.04088586,2.2
Census Tract 9801,8031980100,8031980100,45,Montbello,8,8031980100,0,None,0,None,0,None,0,None,0,None,0,None,0,None,0,None,0,0,None,None,None,0,0,None,0,None,0,0,None,0,0,0,None,0,0,0,None,0,None,0
Census Tract 17.04,8031001704,8031001704,63,Union Station,9,8031001704,113,5.01108647,577,25.58758315,874,38.75831486,0,0,598,24.94785148,2255,94.07592824,715,50.67328136,696,49.32671864,1411,560,39.68816442,85461,91059,2397,515,21.48518982,350,24.80510276,1411,493,20.56737589,2397,2397,0,None,0,12691.66559,1840,76.76261994,557,23.23738006,3.6
Census Tract 15,8031001500,8031001500,29,Globeville,9,8031001500,732,30.83403538,1605,67.60741365,1705,71.81971356,557,13.90761548,192,4.79400749,2374,59.27590512,722,52.93255132,642,47.06744868,1364,526,38.56304985,67917,33169,3508,835,23.8027366,99,7.25806452,1364,340,8.48938826,4005,4005,166,29.80251346,557,1954.721619,1449,36.17977528,2556,63.82022472,7.3
Census Tract 155,8031015500,8031015500,69,Virginia Village,6,8031015500,235,8.65243004,1132,41.67893962,1360,50.0736377,306,8.50472485,29,0.80600334,2716,75.48638132,1902,90.22770398,206,9.77229602,2108,1064,50.4743833,52296,40330,3584,394,10.99330357,194,9.20303605,2108,256,7.11506392,3598,3598,37,12.09150327,306,15852.53879,2069,57.50416898,1529,42.49583102,2.9
Census Tract 28.01,8031002801,8031002801,59,Speer,10,8031002801,68,2.6459144,578,22.49027237,693,26.96498054,162,5.67624387,136,4.76524177,2570,90.04905396,1072,57.6344086,788,42.3655914,1860,651,35,73750,68279,2854,189,6.62228451,208,11.1827957,1860,251,8.79467414,2854,2854,12,7.40740741,162,9812.719402,2314,81.07918711,540,18.92081289,1.3
Census Tract 83.91,8031008391,8031008391,28,Gateway - Green Valley Ranch,11,8031008391,547,12.31150124,3373,75.91717308,3585,80.68872384,1927,27.3100907,349,4.94614512,4443,62.96768707,502,21.02177554,1886,78.97822446,2388,943,39.48911223,80090,28011,7020,315,4.48717949,108,4.52261307,2388,450,6.39386189,7038,7056,599,31.08458744,1927,7929.921789,1398,19.81292517,5658,80.18707483,4.2
Census Tract 42.02,8031004202,8031004202,57,South Park Hill,8,8031004202,91,2.90456432,692,22.08745611,782,24.96010214,957,20.57179708,514,11.04901118,3133,67.34737747,224,13.65853659,1416,86.34146341,1640,308,18.7804878,134474,70740,4220,162,3.83886256,31,1.8902439,1640,174,3.75323555,4636,4652,89,9.47816826,939,6170.617303,3212,69.0455718,1440,30.9544282,5.7
Census Tract 43.03,8031004303,8031004303,37,Hilltop,5,8031004303,71,2.63157895,310,11.48999259,359,13.30615271,1046,27.26798749,569,14.83315954,2698,70.33368092,82,5.60492139,1381,94.39507861,1463,217,14.83253589,215815,124236,3836,101,2.63295099,38,2.5974026,1463,215,5.60479666,3836,3836,81,7.74378585,1046,3981.538366,3010,78.46715328,826,21.53284672,2.4
Census Tract 27.05,8031002705,8031002705,9,Capitol Hill,10,8031002705,234,9.42408377,759,30.56786146,893,35.964559,36,1.31723381,52,1.90267106,2483,90.85254299,1652,81.17936118,383,18.82063882,2035,874,42.94840295,58454,55749,2733,443,16.20929382,459,22.55528256,2035,186,6.80570801,2733,2733,36,100,36,30887.46362,1959,71.67947311,774,28.32052689,2.5
Census Tract 83.86,8031008386,8031008386,45,Montbello,11,8031008386,706,26.46176912,2037,76.34932534,2246,84.18290855,1391,30.08217993,214,4.62802768,2668,57.69896194,366,28.72841444,908,71.27158556,1274,419,32.88854003,85139,23389,4619,601,13.01147435,32,2.51177394,1274,512,11.07266436,4624,4624,65,4.69992769,1383,9279.366113,293,6.33650519,4331,93.66349481,5.5
Census Tract 35.01,8031003501,8031003501,25,Elyria Swansea,9,8031003501,814,42.64012572,1613,84.49449974,1668,87.37558931,868,28.27361564,143,4.65798046,1909,62.18241042,523,61.38497653,329,38.61502347,852,354,41.54929577,60556,20739,3004,785,26.13182423,86,10.09389671,852,246,8.12149224,3029,3070,299,34.44700461,868,1706.558253,495,16.1237785,2575,83.8762215,4.1
Census Tract 41.12,8031004112,8031004112,60,Central Park,8,8031004112,14,0.31624125,910,20.55568105,1157,26.13508019,1623,26.08066849,545,8.75783384,4427,71.13932187,1390,50.03599712,1388,49.96400288,2778,1096,39.45284377,105357,66695,6223,330,5.30290857,162,5.83153348,2778,341,5.51512211,6183,6223,369,22.73567468,1623,10264.89296,4390,70.54475333,1833,29.45524667,3.8
Census Tract 40.03,8031004003,8031004003,65,University Hills,4,8031004003,292,7.64197854,1426,37.32007328,1609,42.10939545,973,19.98356952,371,7.61963442,3821,78.47607312,805,37.98961774,1314,62.01038226,2119,471,22.22746579,106830,61953,4869,135,2.77264325,135,6.37092968,2119,429,8.81084412,4869,4869,146,15.00513875,973,4821.186366,4008,82.31669747,861,17.68330253,4.2
Census Tract 21.01,8031002101,8031002101,3,Baker,7,8031002101,292,10.35828308,875,31.03937567,932,33.06136928,130,3.81455399,246,7.21830986,2819,82.71713615,742,47.02154626,836,52.97845374,1578,534,33.84030418,104300,60757,3408,391,11.47300469,99,6.27376426,1578,366,10.73943662,3408,3408,85,75.89285714,112,10020.1373,2048,60.09389671,1360,39.90610329,3
Census Tract 8,8031000800,8031000800,61,Sun Valley,3,8031000800,161,33.96624473,425,89.66244726,425,89.66244726,613,54.10414828,31,2.73609885,474,41.83583407,347,90.60052219,36,9.39947781,383,150,39.16449086,19650,7970,1133,880,77.66990291,179,46.73629243,383,151,13.32744925,1133,1133,484,78.95595432,613,1777.736215,88,7.76699029,1045,92.23300971,31
Census Tract 32.04,8031003204,8031003204,12,Cheesman Park,10,8031003204,0,0,240,12.25740552,401,20.48008172,137,6.01140851,45,1.97455024,1958,85.91487495,996,79.61630695,255,20.38369305,1251,451,36.05115907,54638,44450,2279,186,8.16147433,257,20.54356515,1251,75,3.29091707,2279,2279,137,100,137,23742.42748,2030,89.07415533,249,10.92584467,8.7
Census Tract 1.02,8031000102,8031000102,8,Berkeley,1,8031000102,142,4.76510067,935,31.37583893,1124,37.71812081,609,16.2530024,229,6.11155591,2980,79.5302909,444,26.47584973,1233,73.52415027,1677,444,26.47584973,109348,63787,3747,314,8.38003736,79,4.71079308,1677,327,8.72698159,3747,3747,154,25.28735632,609,4973.606172,2372,63.30397651,1375,36.69602349,8.1
Census Tract 4.04,8031000404,8031000404,36,Highland,1,8031000404,86,4.16464891,416,20.14527845,485,23.48668281,158,6.52084193,17,0.70160957,2065,85.22492778,967,64.59585838,530,35.40414162,1497,534,35.67134269,104688,78613,2370,302,12.74261603,172,11.48964596,1497,63,2.65822785,2370,2423,105,66.4556962,158,9190.468767,1863,76.88815518,560,23.11184482,8.6
Census Tract 6,8031000600,8031000600,39,Jefferson Park,1,8031000600,335,10.4556804,749,23.37702871,820,25.59300874,296,7.7997365,153,4.03162055,3204,84.42687747,1599,70.94055013,655,29.05944987,2254,619,27.46228926,100200,86954,3726,488,13.09715513,86,3.81543922,2254,230,6.06060606,3795,3795,98,33.10810811,296,7657.219669,2400,63.24110672,1395,36.75889328,3.9
Census Tract 120.01,8031012001,8031012001,27,Fort Logan,2,8031012001,53,3.07960488,739,42.94015107,796,46.25217897,222,10.94135042,555,27.35337605,1721,84.82010843,104,10.41041041,895,89.58958959,999,266,26.62662663,86042,68097,2029,186,9.16707738,39,3.9039039,999,231,11.41868512,2023,2029,53,25.60386473,207,2645.847278,1596,78.65943815,433,21.34056185,5.2
Census Tract 30.05,8031003005,8031003005,51,Platt Park,7,8031003005,59,2.55521871,336,14.55175401,492,21.30792551,706,22.62820513,124,3.97435897,2309,74.00641026,578,42.43759178,784,57.56240822,1362,382,28.04698972,135000,70235,3120,188,6.02564103,43,3.15712188,1362,145,4.6474359,3120,3120,40,5.66572238,706,8919.076533,2159,69.19871795,961,30.80128205,3.4
Census Tract 120.16,8031012016,8031012016,44,Marston,2,8031012016,83,3.86585934,1333,62.08663251,1561,72.70610154,549,20.11725907,219,8.02491755,2147,78.67350678,425,30.12048193,986,69.87951807,1411,438,31.04181432,63463,41355,2729,236,8.64785636,29,2.05527994,1411,318,11.65262001,2729,2729,355,64.66302368,549,7102.69788,1858,68.08354709,871,31.91645291,3.9
Census Tract 37.02,8031003702,8031003702,20,Congress Park,10,8031003702,71,1.73297535,709,17.30534537,749,18.28166951,527,10.4833897,344,6.84304754,4097,81.49990054,1929,67.25941423,939,32.74058577,2868,1060,36.9595537,62158,54737,4952,501,10.11712439,554,19.31659693,2868,392,7.8809811,4974,5027,180,34.15559772,527,18435.37333,3871,77.00417744,1156,22.99582256,3.7
Census Tract 2.01,8031000201,8031000201,11,Chaffee Park,1,8031000201,480,16.58031088,1566,54.09326425,1680,58.03108808,413,11.78652968,450,12.84246575,2895,82.61986301,671,40.32451923,993,59.67548077,1664,525,31.55048077,77570,44370,3426,269,7.85172212,162,9.73557692,1664,519,15.14886165,3426,3504,147,35.59322034,413,4359.236954,1561,44.54908676,1943,55.45091324,4
Census Tract 3.03,8031000303,8031000303,75,West Highland,1,8031000303,47,1.16250309,1251,30.94236953,1638,40.51446945,767,15.34613846,244,4.88195278,4043,80.89235694,1132,43.79110251,1453,56.20889749,2585,640,24.7582205,91746,75812,4937,347,7.02855985,167,6.46034816,2585,388,7.82258065,4960,4998,135,17.60104302,767,8844.831083,4284,85.71428571,714,14.28571429,3.4
Census Tract 44.04,8031004404,8031004404,24,East Colfax,5,8031004404,939,22.63741562,2567,61.8852459,2981,71.8659595,1715,26.29964729,149,2.28492562,4148,63.60987579,1741,71.26483831,702,28.73516169,2443,1074,43.96234138,58931,28688,6521,1905,29.21331084,213,8.71878837,2443,918,14.07759546,6521,6521,423,24.66472303,1715,12953.26753,1917,29.3973317,4604,70.6026683,9.8
Census Tract 43.07,8031004307,8031004307,31,Hale,5,8031004307,20,1.11982083,803,44.96080627,994,55.65509518,279,12.2475856,157,6.89201054,1786,78.40210711,862,71.95325543,336,28.04674457,1198,499,41.65275459,55625,46337,2278,166,7.28709394,204,17.02838063,1198,211,9.26251097,2278,2278,68,24.37275986,279,9600.917103,1629,71.51009658,649,28.48990342,1.8
Census Tract 83.90,8031008390,8031008390,28,Gateway - Green Valley Ranch,11,8031008390,900,14.97005988,3862,64.23819029,4742,78.87558217,3233,31.2125893,259,2.50048272,6012,58.04209307,728,23.3933162,2384,76.6066838,3112,1106,35.53984576,75426,26448,10323,1822,17.64990797,160,5.14138817,3112,1034,9.98262213,10358,10358,500,15.57632399,3210,11716.64983,1885,18.19849392,8473,81.80150608,5.2
Census Tract 41.08,8031004108,8031004108,60,Central Park,8,8031004108,0,0,632,13.6148212,703,15.14433434,2965,38.20383971,248,3.1954645,4642,59.81187991,418,16.25826527,2153,83.74173473,2571,491,19.09762738,177125,65266,7658,190,2.48106555,107,4.16180475,2571,334,4.30356913,7761,7761,214,7.21753794,2965,8735.154964,5523,71.16350986,2238,28.83649014,3.7
Census Tract 50.03,8031005003,8031005003,72,Washington Virginia Vale,5,8031005003,42,2.4822695,457,27.00945626,510,30.14184397,752,29.23794712,203,7.89269051,1692,65.78538103,704,62.68922529,419,37.31077471,1123,635,56.54496883,50466,41338,2572,359,13.95800933,52,4.63045414,1123,328,12.75272162,2572,2572,148,19.68085106,752,6808.927001,1409,54.78227061,1163,45.21772939,8.3
Census Tract 26.03,8031002603,8031002603,47,North Capitol Hill,10,8031002603,0,0,364,17.05716963,439,20.57169634,49,2.02898551,5,0.20703934,2134,88.36438923,1491,88.4341637,195,11.5658363,1686,429,25.44483986,92850,74687,2414,49,2.02982601,352,20.87781732,1686,101,4.18219462,2415,2415,2,4.16666667,48,21584.91362,1554,64.34782609,861,35.65217391,1.3
Census Tract 17.05,8031001705,8031001705,63,Union Station,9,8031001705,0,0,367,13.49264706,384,14.11764706,108,3.46375882,33,1.05837075,2720,87.23540731,1845,84.09298086,349,15.90701914,2194,849,38.69644485,102525,137521,3118,157,5.03527903,420,19.14311759,2194,143,4.58627325,3118,3118,82,75.92592593,108,21490.43545,2497,80.08338679,621,19.91661321,2.1
Census Tract 41.03,8031004103,8031004103,48,North Park Hill,8,8031004103,130,2.97414779,1300,29.74147792,1482,33.90528483,1650,25.86206897,611,9.57680251,4371,68.51097179,219,9.15934755,2172,90.84065245,2391,494,20.66081138,135966,61107,6380,266,4.169279,98,4.09870347,2391,518,8.11912226,6380,6380,340,20.60606061,1650,8698.874682,3585,56.19122257,2795,43.80877743,3.9
Census Tract 5.03,8031000503,8031000503,56,Sloan Lake,1,8031000503,280,15.4185022,639,35.18722467,683,37.61013216,627,24.36844151,218,8.47260008,1816,70.57909056,768,59.85970382,515,40.14029618,1283,391,30.47544817,81553,71975,2573,776,30.15934707,377,29.38425565,1283,756,29.38204431,2573,2573,453,72.24880383,627,12949.35208,1742,67.70307035,831,32.29692965,3.9
Census Tract 14.02,8031001402,8031001402,54,Ruby Hill,7,8031001402,1086,33.70577281,2303,71.47734327,2466,76.53631285,966,21.07329843,329,7.17713787,3222,70.28795812,617,38.61076345,981,61.38923655,1598,676,42.3028786,63643,29253,4538,934,20.58175408,260,16.27033792,1598,582,12.69633508,4584,4584,406,42.02898551,966,7099.708624,801,17.47382199,3783,82.52617801,3.6
Census Tract 68.04,8031006804,8031006804,33,Hampden South,4,8031006804,46,1.63352273,545,19.35369318,654,23.22443182,252,7.73006135,572,17.54601227,2816,86.3803681,1130,59.56773853,767,40.43226147,1897,500,26.35740643,97944,67158,3260,92,2.82208589,48,2.53031102,1897,271,8.31288344,3260,3260,41,16.26984127,252,3785.859258,2815,86.34969325,445,13.65030675,3.8
Census Tract 23,8031002300,8031002300,77,Whittier,9,8031002300,228,6.42615558,1070,30.1578354,1204,33.93461105,1004,20.94721469,201,4.19361569,3548,74.02461924,881,41.07226107,1264,58.92773893,2145,417,19.44055944,110313,58190,4705,477,10.1381509,323,15.05827506,2145,307,6.46996839,4745,4793,544,56.90376569,956,8511.475575,2685,56.01919466,2108,43.98080534,2.3
Census Tract 38.02,8031003802,8031003802,13,Cherry Creek,10,8031003802,24,0.76972418,270,8.65939705,366,11.73829378,256,7.37964831,837,24.12799078,3118,89.88181032,541,27.54582485,1423,72.45417515,1964,498,25.35641548,164527,113009,3469,138,3.97809167,117,5.95723014,1964,442,12.80788177,3451,3469,93,36.328125,256,8876.392966,2887,83.22283079,582,16.77716921,7.1
Census Tract 5.04,8031000504,8031000504,56,Sloan Lake,1,8031000504,133,4.92410218,634,23.47278786,715,26.47167716,540,16.10017889,174,5.18783542,2701,80.5307096,696,43.04267161,921,56.95732839,1617,594,36.73469388,104081,60167,3319,157,4.73034046,262,16.20284477,1617,452,13.47644603,3354,3354,91,16.85185185,540,8048.855642,2560,76.326774,794,23.673226,2.7
Census Tract 40.04,8031004004,8031004004,58,Southmoor Park,4,8031004004,34,2.38095238,450,31.51260504,540,37.81512605,381,20.15873016,253,13.38624339,1428,75.55555556,129,14.7766323,744,85.2233677,873,208,23.82588774,83542,59651,1890,150,7.93650794,17,1.94730813,873,234,12.38095238,1890,1890,116,30.44619423,381,3422.860762,1597,84.4973545,293,15.5026455,2.1
Census Tract 68.18,8031006818,8031006818,32,Hampden,4,8031006818,70,1.97572679,1156,32.62771662,1491,42.08298052,703,15.67447046,445,9.9219621,3543,78.99665552,1540,65.67164179,805,34.32835821,2345,834,35.56503198,66531,44922,4359,485,11.12640514,257,10.95948827,2345,431,9.68104223,4452,4485,158,22.47510669,703,9221.579442,3215,71.68338907,1270,28.31661093,4.3
Census Tract 27.07,8031002707,8031002707,9,Capitol Hill,10,8031002707,52,1.69325952,780,25.39889287,959,31.22761316,103,3.10240964,184,5.54216867,3071,92.5,1060,49.41724942,1085,50.58275058,2145,634,29.55710956,91304,71523,3320,219,6.59638554,221,10.3030303,2145,309,9.30722892,3320,3320,8,7.76699029,103,27276.74559,2315,69.72891566,1005,30.27108434,8.3
Census Tract 51.04,8031005104,8031005104,69,Virginia Village,6,8031005104,290,9.80723706,1570,53.09435238,1765,59.68887386,709,17.5843254,352,8.73015873,2957,73.33829365,1361,77.99426934,384,22.00573066,1745,787,45.10028653,57697,35490,3782,680,17.97990481,216,12.3782235,1745,345,9.15362165,3769,4032,262,36.95345557,709,14074.37918,2061,51.11607143,1971,48.88392857,6.2
Census Tract 27.08,8031002708,8031002708,9,Capitol Hill,10,8031002708,92,4.12556054,592,26.5470852,734,32.91479821,50,1.97550375,71,2.80521533,2230,88.1074674,1484,76.8115942,448,23.1884058,1932,726,37.57763975,56242,56401,2531,175,6.91426314,486,25.1552795,1932,264,10.46373365,2523,2531,21,42,50,20565.08064,1971,77.87435796,560,22.12564204,1.1
Census Tract 11.01,8031001101,8031001101,62,Sunnyside,1,8031001101,349,16.62696522,978,46.59361601,1034,49.26155312,427,16.16811814,166,6.28549792,2099,79.47747066,484,44.44444444,605,55.55555556,1089,372,34.15977961,72798,42716,2523,564,22.35434007,21,1.92837466,1089,216,8.49724626,2542,2641,193,45.19906323,427,7609.832561,1224,46.34608103,1417,53.65391897,5
Census Tract 9800.01,8031980001,8031980001,23,DIA,11,8031980001,0,None,0,None,0,None,0,None,0,None,0,None,0,None,0,None,0,0,None,None,None,0,0,None,0,None,0,0,None,0,0,0,None,0,0,0,None,0,None,0
Census Tract 37.03,8031003703,8031003703,20,Congress Park,10,8031003703,235,9.58401305,666,27.16150082,780,31.81076672,470,15.12713228,81,2.60701641,2452,78.91857097,1084,62.44239631,652,37.55760369,1736,579,33.35253456,65000,59692,3107,482,15.51335694,300,17.28110599,1736,244,7.85323463,3107,3107,110,23.40425532,470,11807.78881,2186,70.3572578,921,29.6427422,2.7
Census Tract 7.05,8031000705,8031000705,74,West Colfax,3,8031000705,206,9.90384615,929,44.66346154,997,47.93269231,450,17.32768579,203,7.81671159,2080,80.09241432,515,45.53492485,616,54.46507515,1131,266,23.51900973,97295,60765,2597,398,15.32537543,123,10.87533156,1131,345,13.28455911,2597,2597,198,44,450,9134.363426,1214,46.74624567,1383,53.25375433,3
Census Tract 53,8031005300,8031005300,65,University Hills,4,8031005300,95,7.03703704,583,43.18518519,633,46.88888889,286,15.96873255,298,16.6387493,1350,75.37688442,605,69.78085352,262,30.21914648,867,412,47.52018454,58917,49132,1731,166,9.58983247,181,20.87658593,867,217,12.51441753,1734,1791,96,33.92226148,283,4072.511164,1194,66.66666667,597,33.33333333,11.2
Census Tract 27.06,8031002706,8031002706,9,Capitol Hill,10,8031002706,6,0.21291696,632,22.42725337,846,30.0212917,9,0.29402156,25,0.81672656,2818,92.06141784,1788,78.2152231,498,21.7847769,2286,730,31.93350831,67083,68238,3022,265,8.76902713,277,12.11723535,2286,470,15.53205552,3026,3061,0,None,0,23301.55917,2551,83.33877818,510,16.66122182,2.1
Census Tract 16.01,8031001601,8031001601,26,Five Points,9,8031001601,174,7.27424749,526,21.98996656,563,23.5367893,124,4.70945689,4,0.15191796,2392,90.84694265,1025,73.31902718,373,26.68097282,1398,300,21.45922747,99929,64397,2633,268,10.17850361,62,4.43490701,1398,98,3.72199013,2633,2633,54,43.5483871,124,5338.966589,1910,72.54082795,723,27.45917205,5.7
Census Tract 7.06,8031000706,8031000706,74,West Colfax,3,8031000706,79,3.56016224,905,40.784137,999,45.02027941,78,3.25406758,107,4.46391322,2219,92.5740509,986,66.26344086,502,33.73655914,1488,373,25.0672043,80370,80759,2397,82,3.42094285,272,18.27956989,1488,230,9.59532749,2397,2397,0,0,78,9198.015193,1308,54.56821026,1089,45.43178974,2.4
Census Tract 67.01,8031006701,8031006701,58,Southmoor Park,4,8031006701,55,1.58959538,663,19.16184971,845,24.42196532,183,4.39903846,237,5.69711538,3460,83.17307692,2457,93.81443299,162,6.18556701,2619,944,36.04429171,87384,66319,4149,416,10.02651241,114,4.35280641,2619,302,7.29997583,4137,4160,50,27.32240437,183,10593.99458,3408,81.92307692,752,18.07692308,2.6
Census Tract 40.06,8031004006,8031004006,66,University Park,6,8031004006,52,1.70603675,598,19.61942257,674,22.11286089,850,18.53467074,486,10.59747056,3048,66.46314871,815,39.79492188,1233,60.20507813,2048,820,40.0390625,70256,76427,4424,597,13.49457505,44,2.1484375,2048,271,5.9222028,4576,4586,70,8.27423168,846,6081.69496,3606,78.63061491,980,21.36938509,3.7
Census Tract 5.01,8031000501,8031000501,56,Sloan Lake,1,8031000501,16,0.97323601,434,26.39902676,477,29.01459854,363,17.39338764,114,5.4623862,1644,78.77335889,246,27.06270627,663,72.93729373,909,205,22.55225523,142560,70296,2087,194,9.29563967,26,2.86028603,909,111,5.33910534,2079,2087,57,15.70247934,363,2662.133089,1547,74.12553905,540,25.87446095,3.6
Census Tract 36.02,8031003602,8031003602,17,Clayton,9,8031003602,718,24.75862069,1480,51.03448276,1667,57.48275862,1124,25.32101825,176,3.96485695,2900,65.33002929,790,45.90354445,931,54.09645555,1721,621,36.08367228,58484,32015,4439,1084,24.4199144,137,7.96048809,1721,288,6.49672908,4433,4439,356,31.67259786,1124,5750.665945,1431,32.23699031,3008,67.76300969,7.3
Census Tract 68.16,8031006816,8031006816,33,Hampden South,4,8031006816,64,1.66753517,1568,40.85461178,1878,48.93173528,752,14.89403842,699,13.84432561,3838,76.01505249,1263,47.75047259,1382,52.24952741,2645,1040,39.3194707,62067,49989,5049,279,5.5258467,109,4.12098299,2645,735,14.59781529,5035,5049,120,15.95744681,752,7028.098474,3840,76.05466429,1209,23.94533571,7.2
Census Tract 45.04,8031004504,8031004504,76,Westwood,3,8031004504,1040,44.76969436,1966,84.63194146,2179,93.80111924,1567,37.72267694,238,5.72941743,2323,55.92200289,688,53.25077399,604,46.74922601,1292,566,43.80804954,49595,18500,4154,1191,28.67116033,68,5.26315789,1292,384,9.24410207,4154,4154,517,32.99298022,1567,11962.50788,504,12.13288397,3650,87.86711603,5.2
Census Tract 19.01,8031001901,8031001901,41,Lincoln Park,3,8031001901,341,14.36394271,1446,60.90985678,1522,64.11120472,760,22.5452388,157,4.6573717,2374,70.42420647,1099,71.83006536,431,28.16993464,1530,582,38.03921569,69375,37462,3340,930,27.84431138,409,26.73202614,1530,477,14.15010383,3371,3371,314,43.07270233,729,3738.756419,1145,33.96618214,2226,66.03381786,4.8
Census Tract 30.03,8031003003,8031003003,64,University,6,8031003003,64,4.18574232,593,38.78351864,699,45.71615435,249,7.94005102,81,2.58290816,1529,48.75637755,503,47.05332086,566,52.94667914,1069,448,41.90832554,65865,42205,2169,363,16.73582296,64,5.98690365,1069,130,4.14540816,3136,3136,154,66.37931034,232,7478.229434,2281,72.73596939,855,27.26403061,6
Census Tract 26.02,8031002602,8031002602,47,North Capitol Hill,10,8031002602,68,2.60038241,445,17.01720841,503,19.23518164,78,2.68317853,61,2.09838321,2615,89.95528036,1403,78.42370039,386,21.57629961,1789,572,31.97316937,91741,73530,2836,299,10.54301834,202,11.29122415,1789,218,7.66795638,2843,2907,24,33.8028169,71,19137.7795,2273,78.19057448,634,21.80942552,1.9
Census Tract 31.02,8031003102,8031003102,15,City Park West,9,8031003102,209,6.41497851,1092,33.5174954,1303,39.99386126,304,8.09802877,265,7.05913692,3258,86.78742674,1641,74.38803264,565,25.61196736,2206,807,36.58204896,62875,57694,3500,587,16.77142857,481,21.80417044,2206,492,13.89438012,3541,3754,61,20.06578947,304,11193.4602,2546,67.82099094,1208,32.17900906,3.4
Census Tract 4.03,8031000403,8031000403,36,Highland,1,8031000403,250,8.71080139,741,25.81881533,896,31.2195122,569,15.46195652,278,7.55434783,2870,77.98913043,1021,55.67066521,813,44.32933479,1834,404,22.02835333,107708,75470,3668,130,3.54416576,236,12.86804798,1834,323,8.80588877,3668,3680,50,8.78734622,569,9807.184882,2679,72.79891304,1001,27.20108696,0.6
Census Tract 43.08,8031004308,8031004308,31,Hale,5,8031004308,237,8.26359833,727,25.34867503,899,31.34588563,450,12.89028932,223,6.38785448,2868,82.15411057,1451,66.28597533,738,33.71402467,2189,1090,49.79442668,57644,51169,3451,361,10.46073602,136,6.21288259,2189,468,13.56128658,3451,3491,136,30.22222222,450,11428.39559,2433,69.69349757,1058,30.30650243,0.8
Census Tract 158,8031015800,8031015800,23,DIA,11,8031015800,78,5.57142857,842,60.14285714,949,67.78571429,674,29.12705272,63,2.72255834,1400,60.50129646,428,49.3656286,439,50.6343714,867,416,47.98154556,59191,27357,2314,318,13.74243734,65,7.49711649,867,274,11.84096802,2314,2314,247,36.64688427,674,970.9654884,604,26.1019879,1710,73.8980121,4.8
Census Tract 47,8031004700,8031004700,34,Harvey Park,2,8031004700,754,16.58600968,2915,64.12230532,3088,67.92784866,1775,25.09188578,626,8.84930732,4546,64.26350014,803,33.92479932,1564,66.07520068,2367,871,36.79763414,77996,32572,7041,789,11.20579463,133,5.61892691,2367,710,10.05380912,7062,7074,530,29.85915493,1775,7330.944472,2794,39.49674866,4280,60.50325134,2
Census Tract 52,8031005200,8031005200,69,Virginia Village,6,8031005200,120,4.31654676,811,29.17266187,973,35,566,16.28776978,553,15.91366906,2780,80,266,19.05444126,1130,80.94555874,1396,217,15.54441261,105379,51053,3475,252,7.25179856,9,0.64469914,1396,242,6.98412698,3465,3475,91,16.07773852,566,4370.594739,2907,83.65467626,568,16.34532374,3.6
Census Tract 38.01,8031003801,8031003801,13,Cherry Creek,10,8031003801,33,1.20569967,841,30.72707344,932,34.05188162,106,3.58229131,952,32.17303143,2737,92.49746536,1559,72.98689139,577,27.01310861,2136,747,34.97191011,88924,95353,2959,161,5.44102737,404,18.91385768,2136,585,19.77019263,2959,2959,12,11.32075472,106,6514.586267,2509,84.79215951,450,15.20784049,2.7
Census Tract 18,8031001800,8031001800,41,Lincoln Park,3,8031001800,270,10.2622577,1155,43.89965792,1304,49.56290384,300,9.38967136,152,4.75743349,2631,82.34741784,1178,64.68973092,643,35.31026908,1821,702,38.55024712,54738,46785,3165,709,22.40126382,424,23.28390994,1821,514,16.24012638,3165,3195,96,32,300,8484.739684,1630,51.0172144,1565,48.9827856,7.5
Census Tract 9.05,8031000905,8031000905,68,Villa Park,3,8031000905,748,27.19011269,1740,63.24972737,1789,65.03089786,722,19.42949408,156,4.19806243,2751,74.03121636,474,35.37313433,866,64.62686567,1340,434,32.3880597,65227,42503,3716,934,25.13455328,150,11.19402985,1340,493,13.26695371,3716,3716,309,42.79778393,722,7331.771748,1252,33.69214209,2464,66.30785791,5.4
Census Tract 10,8031001000,8031001000,67,Valverde,7,8031001000,806,28.63232682,2319,82.38010657,2415,85.79040853,1101,25.64640112,279,6.49895178,2815,65.57186117,885,57.57970072,652,42.42029928,1537,706,45.93363696,42236,20687,4293,850,19.79967389,115,7.482108,1537,413,9.62031214,4293,4293,294,26.70299728,1101,4471.383614,818,19.0542744,3475,80.9457256,3
Census Tract 69.03,8031006903,8031006903,30,Goldsmith,4,8031006903,66,3.66259711,707,39.23418424,1024,56.82574917,792,29.3877551,265,9.83302412,1802,66.86456401,590,55.08870215,481,44.91129785,1071,533,49.7665733,65341,34573,2610,347,13.29501916,34,3.17460317,1071,157,5.97185242,2629,2695,73,9.21717172,792,7443.264784,1809,67.12430427,886,32.87569573,10.1
Census Tract 32.03,8031003203,8031003203,22,Country Club,10,8031003203,13,0.53169734,161,6.58486708,220,8.99795501,686,21.15977791,481,14.83652067,2445,75.41640962,155,11.36363636,1209,88.63636364,1364,254,18.62170088,250001,160709,3242,74,2.28254164,7,0.51319648,1364,150,4.6267736,3242,3242,70,10.20408163,686,4988.561085,2877,88.74151758,365,11.25848242,2.9
Census Tract 24.04,8031002404,8031002404,26,Five Points,9,8031002404,23,2.09090909,448,40.72727273,547,49.72727273,193,14.26459719,68,5.02586844,1100,81.30081301,397,57.04022989,299,42.95977011,696,230,33.04597701,63500,59002,1353,253,18.69918699,225,32.32758621,696,145,10.71692535,1353,1353,46,23.83419689,193,9407.422756,874,64.59719143,479,35.40280857,0
Census Tract 153,8031015300,8031015300,72,Washington Virginia Vale,5,8031015300,58,1.79566563,1136,35.17027864,1319,40.83591331,372,9.55070603,292,7.49679076,3230,82.92682927,1376,63.17722681,802,36.82277319,2178,1014,46.55647383,55017,41887,3895,592,15.19897304,127,5.83103765,2178,396,10.16688062,3895,3895,105,28.22580645,372,8888.716465,2907,74.63414634,988,25.36585366,8.1
Census Tract 70.06,8031007006,8031007006,40,Kennedy,4,8031007006,499,18.81598793,1617,60.97285068,1774,66.89291101,460,11.11648139,0,0,2652,64.08893185,2077,100,0,0,2077,1009,48.57968223,60806,33128,4138,321,7.75737071,277,13.33654309,2077,493,11.93993703,4129,4138,0,0,460,5893.395623,1270,30.69115515,2868,69.30884485,5.1
Census Tract 41.04,8031004104,8031004104,48,North Park Hill,8,8031004104,300,7.59685996,1544,39.09850595,1684,42.64370727,984,19.01816776,549,10.61074604,3949,76.32392733,496,24.04265633,1567,75.95734367,2063,476,23.07319438,111186,52640,5174,599,11.57711635,111,5.38051381,2063,567,10.95863935,5174,5174,272,27.64227642,984,6825.123684,2197,42.46231156,2977,57.53768844,5.8
Census Tract 119.03,8031011903,8031011903,6,Bear Valley,2,8031011903,223,11.95710456,1037,55.60321716,1101,59.03485255,328,13.88066018,288,12.18789674,1865,78.92509522,267,28.58672377,667,71.41327623,934,213,22.80513919,87750,43052,2360,166,7.03389831,30,3.21199143,934,248,10.49513331,2363,2363,31,9.45121951,328,5822.10572,1451,61.40499365,912,38.59500635,2.4
Census Tract 28.05,8031002805,8031002805,59,Speer,7,8031002805,21,0.8168028,386,15.01361338,583,22.67600156,135,4.80769231,112,3.98860399,2571,91.55982906,1544,81.3487882,354,18.6512118,1898,543,28.60906217,86830,76632,2808,59,2.1011396,255,13.43519494,1898,108,3.84615385,2808,2808,27,20,135,20215.8954,2517,89.63675214,291,10.36324786,0.7
Census Tract 50.01,8031005001,8031005001,72,Washington Virginia Vale,5,8031005001,186,9.48979592,874,44.59183673,1030,52.55102041,462,17.88617886,350,13.5501355,1960,75.88075881,186,18.86409736,800,81.13590264,986,267,27.07910751,89605,38948,2440,217,8.89344262,30,3.04259635,986,351,14.34995912,2446,2583,100,21.64502165,462,4338.163088,1438,55.67169957,1145,44.32830043,2.6
Census Tract 51.02,8031005102,8031005102,69,Virginia Village,6,8031005102,34,1.18590862,918,32.01953261,1058,36.90268573,733,19.39153439,303,8.01587302,2867,75.84656085,452,27.29468599,1204,72.70531401,1656,425,25.66425121,106000,52475,3780,72,1.9047619,111,6.70289855,1656,317,8.38624339,3780,3780,107,14.59754434,733,6027.182594,2828,74.81481481,952,25.18518519,2.1
Census Tract 83.04,8031008304,8031008304,45,Montbello,11,8031008304,885,37.72378517,1873,79.83802217,2033,86.65814152,1028,27.61214075,291,7.8162772,2346,63.01369863,381,38.56275304,607,61.43724696,988,335,33.90688259,66667,24015,3703,441,11.90926276,6,0.60728745,988,803,21.56862745,3723,3723,262,25.48638132,1028,10143.737,356,9.56218104,3367,90.43781896,3.5
Census Tract 9.04,8031000904,8031000904,68,Villa Park,3,8031000904,905,28.14054726,2517,78.26492537,2709,84.23507463,1534,29.82694925,239,4.64709314,3216,62.53159634,1253,65.63645888,656,34.36354112,1909,1114,58.35515977,33078,18661,5127,1485,28.96430661,387,20.27239392,1909,1035,20.12444099,5143,5143,925,60.29986962,1534,10729.72566,1094,21.27163134,4049,78.72836866,11.8
Census Tract 13.02,8031001302,8031001302,1,Athmar Park,7,8031001302,483,18.55551287,1513,58.12524011,1748,67.15328467,863,22.89124668,199,5.27851459,2603,69.04509284,405,28.02768166,1040,71.97231834,1445,555,38.4083045,63110,31541,3770,726,19.25729443,40,2.76816609,1445,259,6.87002653,3770,3770,401,46.46581692,863,4616.149421,1166,30.92838196,2604,69.07161804,7
Census Tract 39.01,8031003901,8031003901,7,Belcaro,10,8031003901,24,0.60836502,753,19.08745247,775,19.64512041,683,14.02752105,1289,26.47360854,3945,81.02279729,716,28.95268904,1757,71.04731096,2473,686,27.73958755,109250,96155,4869,363,7.45532964,181,7.31904569,2473,718,14.74635449,4869,4869,59,8.63836018,683,4194.799276,4019,82.54261655,850,17.45738345,3
Census Tract 16.02,8031001602,8031001602,26,Five Points,9,8031001602,125,3.63055475,816,23.7002614,1093,31.74557072,320,7.00218818,0,0,3443,75.33916849,2200,88.78127522,278,11.21872478,2478,580,23.40597256,101910,63729,4570,206,4.50765864,218,8.79741727,2478,205,4.51740855,4538,4570,0,0,320,12145.14969,3367,73.6761488,1203,26.3238512,2.9
Census Tract 34.01,8031003401,8031003401,70,Washington Park,6,8031003401,23,1.04783599,212,9.65831435,268,12.2095672,319,12.4853229,560,21.91780822,2195,85.90998043,270,20.23988006,1064,79.76011994,1334,263,19.71514243,136087,107839,2555,216,8.45401174,10,0.74962519,1334,329,12.91208791,2548,2555,35,10.97178683,319,5866.548984,2260,88.45401174,295,11.54598826,2.3
Census Tract 11.02,8031001102,8031001102,36,Highland,1,8031001102,249,6.10144572,809,19.82357265,865,21.19578535,540,10.49562682,222,4.3148688,4081,79.31972789,1775,66.40478863,898,33.59521137,2673,782,29.25551814,100520,73628,5141,361,7.02198016,177,6.62177329,2673,365,7.09426628,5145,5145,206,38.43283582,536,10006.99225,3681,71.5451895,1464,28.4548105,3.5
Census Tract 68.13,8031006813,8031006813,32,Hampden,4,8031006813,298,8.5021398,1863,53.15263909,2161,61.65477889,535,12.40148354,312,7.23226704,3505,81.24710246,1576,70.64096818,655,29.35903182,2231,1116,50.02241147,57297,38290,4314,236,5.47056096,226,10.12998655,2231,454,10.59262716,4286,4314,309,57.75700935,535,10391.41477,2093,48.51645804,2221,51.48354196,7.7
Census Tract 29.01,8031002901,8031002901,71,Washington Park West,7,8031002901,66,2.32067511,663,23.31223629,791,27.81293952,350,10.1010101,117,3.37662338,2844,82.07792208,1268,64.39817166,701,35.60182834,1969,712,36.16048756,79850,60696,3465,268,7.73448773,138,7.00863382,1969,226,6.52236652,3465,3465,67,19.14285714,350,9026.970713,2746,79.24963925,719,20.75036075,3
Census Tract 68.15,8031006815,8031006815,33,Hampden South,4,8031006815,62,3.55912744,356,20.43628014,395,22.67508611,290,13.14000906,144,6.52469415,1742,78.93067512,602,57.82901057,439,42.17098943,1041,401,38.52065322,122628,71887,2207,0,0,136,13.06436119,1041,78,3.53420933,2207,2207,0,0,290,4951.402445,1731,78.43226099,476,21.56773901,3.8
Census Tract 37.01,8031003701,8031003701,14,City Park,9,8031003701,49,1.63007319,534,17.76447106,638,21.22421823,525,14.61988304,415,11.55666945,3006,83.70927318,1174,61.69206516,729,38.30793484,1903,530,27.85076195,85429,73969,3477,356,10.23871153,242,12.71676301,1903,242,6.96002301,3477,3591,284,54.0952381,525,4655.914197,2816,78.41826789,775,21.58173211,1.3
Census Tract 156,8031015600,8031015600,19,College View - South Platte,7,8031015600,1318,26.5886625,4018,81.05709098,4304,86.8267097,2573,31.28267477,364,4.42553191,4957,60.2674772,1403,53.83729854,1203,46.16270146,2606,504,19.33998465,76827,26219,8225,1109,13.48328267,220,8.44205679,2606,382,4.6443769,8225,8225,678,26.35056354,2573,5636.17822,1479,17.98176292,6746,82.01823708,3.9
Census Tract 46.03,8031004603,8031004603,34,Harvey Park,2,8031004603,578,15.66820276,2531,68.60937924,2773,75.16942261,1368,24.99086591,285,5.2064304,3689,67.39130435,511,26.11139499,1446,73.88860501,1957,851,43.48492591,61696,29258,5474,534,9.75520643,73,3.73019928,1957,421,7.69090245,5474,5474,354,25.87719298,1368,7591.168562,2194,40.08037998,3280,59.91962002,10.5
Census Tract 9802,8031980200,8031980200,2,Auraria,9,8031980200,0,0,20,24.09638554,20,24.09638554,27,3.76569038,0,0,83,11.57601116,3,7.69230769,36,92.30769231,39,13,33.33333333,137750,12730,85,0,0,0,0,39,25,3.48675035,717,717,0,0,14,1110.768052,481,67.08507671,236,32.91492329,0
Census Tract 45.03,8031004503,8031004503,76,Westwood,3,8031004503,900,31.91489362,2346,83.19148936,2464,87.37588652,1888,36.96162882,126,2.46671887,2820,55.20751762,991,66.68909825,495,33.31090175,1486,741,49.8654105,39434,16517,5089,1508,29.63254077,167,11.23822342,1486,263,5.14878622,5108,5108,617,32.68008475,1888,12998.59657,703,13.76272514,4405,86.23727486,2.4
Census Tract 9.03,8031000903,8031000903,4,Barnum,3,8031000903,1162,30.11923276,3113,80.68947641,3209,83.17781234,1687,28.56417203,401,6.78970538,3858,65.32339993,868,44.92753623,1064,55.07246377,1932,974,50.41407867,52890,19851,5893,1297,22.00916341,117,6.05590062,1932,686,11.61530647,5906,5906,516,30.58684055,1687,7655.280614,1280,21.67287504,4626,78.32712496,5.7
Census Tract 154,8031015400,8031015400,52,Regis,1,8031015400,182,6.1155914,1442,48.45430108,1562,52.48655914,648,13.67088608,396,8.35443038,2976,62.78481013,580,33.42939481,1155,66.57060519,1735,545,31.41210375,86017,40183,4005,760,18.97627965,192,11.06628242,1735,342,7.21518987,4740,4740,241,37.19135802,648,4642.535537,3145,66.35021097,1595,33.64978903,4
Census Tract 120.10,8031012010,8031012010,44,Marston,2,8031012010,111,2.60074977,1321,30.95126523,1718,40.25304592,1022,18.63263446,742,13.5278031,4268,77.81221513,810,33.07472438,1639,66.92527562,2449,563,22.98897509,83091,53111,5485,143,2.6071103,20,0.81665986,2449,309,5.63354603,5485,5485,78,7.63209393,1022,2496.398996,3934,71.72288058,1551,28.27711942,2.1
Census Tract 34.02,8031003402,8031003402,70,Washington Park,6,8031003402,82,2.38233585,569,16.53108658,687,19.95932597,1015,21.38192543,287,6.04592374,3442,72.50895302,207,11.23168747,1636,88.76831253,1843,427,23.16874661,195917,107250,4747,97,2.04339583,31,1.68204015,1843,190,4.00252791,4747,4747,41,4.03940887,1015,4404.145631,4249,89.50916368,498,10.49083632,4.8
Census Tract 55.02,8031005502,8031005502,27,Fort Logan,2,8031005502,236,16.85714286,1044,74.57142857,1123,80.21428571,528,25.53191489,137,6.62475822,1400,67.69825919,258,47.51381215,285,52.48618785,543,200,36.83241252,89625,25914,1701,257,15.10875955,8,1.4732965,543,129,7.52186589,1715,2068,95,19.11468813,497,1844.642069,1136,54.93230174,932,45.06769826,1.6
Census Tract 2.02,8031000202,8031000202,62,Sunnyside,1,8031000202,557,16.99725359,1554,47.42142203,1778,54.25694233,911,21.05384793,341,7.88074879,3277,75.73376473,961,47.88241156,1046,52.11758844,2007,635,31.63926258,82626,45069,4327,903,20.86896233,141,7.02541106,2007,642,14.83706956,4327,4327,586,64.32491767,911,6269.141019,1819,42.03836376,2508,57.96163624,5.2
Census Tract 36.03,8031003603,8031003603,55,Skyland,9,8031003603,119,4.22435215,924,32.80085197,1221,43.34398296,427,12.48173049,342,9.99707688,2817,82.34434376,532,34.08071749,1029,65.91928251,1561,584,37.41191544,81462,52932,3421,365,10.66939491,77,4.93273543,1561,476,13.91406022,3421,3421,55,12.88056206,427,4472.608119,1891,55.27623502,1530,44.72376498,3
Census Tract 83.89,8031008389,8031008389,28,Gateway - Green Valley Ranch,11,8031008389,1121,12.86288009,4906,56.29374641,5531,63.46528973,3995,28.51127605,744,5.30973451,8715,62.19668855,385,8.92443208,3929,91.07556792,4314,1929,44.71488178,102768,33181,14012,509,3.63260063,52,1.20537784,4314,1265,9.04864092,13980,14012,975,24.40550688,3995,6423.426381,2488,17.75620896,11524,82.24379104,9.6
Census Tract 32.05,8031003205,8031003205,12,Cheesman Park,10,8031003205,0,0,554,18.42367808,691,22.979714,68,2.10071053,226,6.98177325,3007,92.89465555,1454,68.90995261,656,31.09004739,2110,601,28.48341232,72958,82331,3237,333,10.28730306,210,9.95260664,2110,243,7.50695088,3237,3237,21,30.88235294,68,13771.85436,2875,88.81680568,362,11.18319432,6.9
Census Tract 41.09,8031004109,8031004109,60,Central Park,8,8031004109,0,0,253,18.03278689,313,22.30933713,911,39.0651801,25,1.07204117,1403,60.16295026,59,7.46835443,731,92.53164557,790,195,24.6835443,152188,66416,2332,17,0.72898799,20,2.53164557,790,51,2.18696398,2332,2332,183,20.08781559,911,1304.944705,974,41.76672384,1358,58.23327616,0
Census Tract 3.02,8031000302,8031000302,75,West Highland,1,8031000302,41,1.08523028,762,20.1694018,1058,28.00423504,710,15.07751115,210,4.45954555,3778,80.22934806,680,27.25450902,1815,72.74549098,2495,617,24.72945892,107822,69981,4673,276,5.90627006,61,2.44488978,2495,207,4.42970255,4673,4709,188,28.39879154,662,8445.745991,3778,80.22934806,931,19.77065194,2.5
Census Tract 83.05,8031008305,8031008305,45,Montbello,11,8031008305,832,31.37254902,2341,88.27300151,2462,92.83559578,1922,35.50055412,167,3.08459549,2652,48.98411526,368,32.33743409,770,67.66256591,1138,425,37.34622144,69038,16396,5398,1242,23.00852167,28,2.46045694,1138,417,7.70225342,5414,5414,620,32.25806452,1922,13552.77446,368,6.79719246,5046,93.20280754,9.9
Census Tract 36.01,8031003601,8031003601,18,Cole,9,8031003601,527,17.13821138,1628,52.94308943,1804,58.66666667,924,20.54246332,129,2.86794131,3075,68.36371721,867,50.94007051,835,49.05992949,1702,632,37.13278496,77500,37709,4425,663,14.98305085,306,17.97884841,1702,420,9.33748333,4498,4498,282,30.55254605,923,8783.313813,1784,39.66207203,2714,60.33792797,5.8
Census Tract 44.07,8031004407,8031004407,42,Lowry Field,5,8031004407,76,1.9402604,1150,29.35920347,1396,35.63952004,816,15.76202434,663,12.80664477,3917,75.66158007,1359,53.82178218,1166,46.17821782,2525,571,22.61386139,90896,65445,5128,673,13.12402496,171,6.77227723,2525,185,3.59153562,5151,5177,271,34.08805031,795,3111.224815,3654,70.58141781,1523,29.41858219,4.3
Census Tract 70.37,8031007037,8031007037,78,Windsor,5,8031007037,512,17.40904454,1804,61.33968038,2043,69.46616797,970,22.90977799,232,5.47945205,2941,69.46150213,1452,73.70558376,518,26.29441624,1970,823,41.77664975,45391,28429,4234,997,23.54747284,243,12.33502538,1970,567,13.39159188,4234,4234,411,42.37113402,970,10512.29695,1367,32.28625413,2867,67.71374587,8.7
Census Tract 17.03,8031001703,8031001703,63,Union Station,9,8031001703,15,0.56390977,286,10.7518797,340,12.78195489,40,1.28493415,241,7.74172824,2660,85.44812078,1494,74.7,506,25.3,2000,723,36.15,99116,80773,3113,183,5.87857372,282,14.1,2000,271,8.70542885,3113,3113,5,12.5,40,29748.33842,2523,81.04722133,590,18.95277867,2.2
Census Tract 30.04,8031003004,8031003004,64,University,6,8031003004,13,0.31122815,718,17.18937036,1019,24.39549916,748,11.02269378,292,4.30297672,4177,61.55319776,1181,46.40471513,1364,53.59528487,2545,714,28.05500982,120536,55939,5663,493,8.70563306,82,3.22200393,2545,259,3.8166814,6786,6786,107,14.45945946,740,8135.308425,5350,78.83878574,1436,21.16121426,6.2
Census Tract 70.13,8031007013,8031007013,38,Indian Creek,6,8031007013,97,3.03314572,1035,32.36397749,1386,43.33958724,656,16.4,377,9.425,3198,79.95,572,29.28827445,1381,70.71172555,1953,464,23.75832053,79596,47314,4000,449,11.225,11,0.56323605,1953,372,9.3,4000,4000,311,47.40853659,656,8198.821419,2552,63.8,1448,36.2,2
Census Tract 120.15,8031012015,8031012015,44,Marston,2,8031012015,175,6.17719732,1345,47.47617367,1587,56.0183551,834,21.37365454,183,4.68990261,2833,72.60379293,678,40.1183432,1012,59.8816568,1690,613,36.27218935,81111,38946,3902,399,10.22552537,19,1.12426036,1690,271,6.97734295,3884,3902,203,24.84700122,817,6632.636584,2656,68.06765761,1246,31.93234239,8.8
Census Tract 50.04,8031005004,8031005004,72,Washington Virginia Vale,6,8031005004,255,6.66144201,1922,50.20898642,2155,56.29571578,1313,22.93449782,581,10.14847162,3828,66.86462882,1593,65.02040816,857,34.97959184,2450,1136,46.36734694,50189,31528,5710,833,14.58844133,330,13.46938776,2450,766,13.37991266,5725,5725,417,31.75932978,1313,13088.93342,2344,40.94323144,3381,59.05676856,6.6
Census Tract 68.17,8031006817,8031006817,32,Hampden,4,8031006817,156,9.50060901,545,33.19123021,569,34.65286236,548,23.99299475,276,12.08406305,1642,71.89141856,76,10.29810298,662,89.70189702,738,114,15.44715447,154063,56482,2284,4,0.17513135,0,0,738,223,9.76357268,2284,2284,71,12.95620438,548,6467.541522,1525,66.76882662,759,33.23117338,0
Census Tract 28.04,8031002804,8031002804,59,Speer,7,8031002804,9,0.51903114,231,13.32179931,256,14.76355248,104,5.29531568,303,15.42769857,1734,88.2892057,986,70.88425593,405,29.11574407,1391,451,32.42271747,73438,59548,1964,130,6.6191446,93,6.68583753,1391,236,12.01629328,1964,1964,32,30.76923077,104,24894.76133,1615,82.23014257,349,17.76985743,0.7
Census Tract 70.91,8031007091,8031007091,78,Windsor,5,8031007091,74,2.14058432,1397,40.41076078,1706,49.34914666,0,0,2261,65.40352907,3457,100,501,18.63146151,2188,81.36853849,2689,1353,50.31610264,33216,38663,3457,574,16.6039919,222,8.2558572,2689,1067,30.86491177,3457,3457,0,None,0,11798.03887,3020,87.35898178,437,12.64101822,7.7
Census Tract 26.04,8031002604,8031002604,47,North Capitol Hill,10,8031002604,61,3.60520095,815,48.1678487,859,50.76832151,37,1.87531678,379,19.2093259,1692,85.75772935,1431,98.9626556,15,1.0373444,1446,791,54.70262794,24297,38219,1973,477,24.17638115,729,50.41493776,1446,632,32.03243791,1973,1973,37,100,37,22210.41469,1347,68.27166751,626,31.72833249,5.3
Census Tract 32.02,8031003202,8031003202,12,Cheesman Park,10,8031003202,29,0.92770313,824,26.35956494,978,31.28598848,142,4.13752914,476,13.86946387,3126,91.08391608,1566,71.90082645,612,28.09917355,2178,905,41.55188246,68345,64847,3344,230,6.87799043,310,14.23324151,2178,295,8.82177033,3344,3432,20,15.87301587,126,17538.45352,2806,81.75990676,626,18.24009324,3.7
Census Tract 3.01,8031000301,8031000301,8,Berkeley,1,8031000301,91,2.1118589,1078,25.01740543,1124,26.0849385,992,18.42838566,443,8.22961174,4309,80.0483002,934,35.12598721,1725,64.87401279,2659,639,24.03159082,106753,69962,5346,460,8.60456416,204,7.67205716,2659,662,12.38309016,5346,5383,266,27.67950052,961,7237.167338,4444,82.55619543,939,17.44380457,1.7
Census Tract 157,8031015700,8031015700,35,Harvey Park South,2,8031015700,1000,26.10966057,2374,61.9843342,2681,70,1064,19.52651863,424,7.78124427,3830,70.28812626,1294,56.16319444,1010,43.83680556,2304,641,27.82118056,70614,32710,5166,949,18.37011227,362,15.71180556,2304,817,15.71153846,5200,5449,497,46.71052632,1064,6695.373176,2203,40.42943659,3246,59.57056341,5.8
Census Tract 46.02,8031004602,8031004602,43,Mar Lee,3,8031004602,1363,31.84579439,3443,80.44392523,3610,84.34579439,2216,30.83344928,364,5.06470015,4280,59.55196883,1145,49.73935708,1157,50.26064292,2302,1039,45.13466551,58908,22368,7043,1518,21.55331535,249,10.81668115,2302,677,9.60011344,7052,7187,698,31.49819495,2216,9602.470802,2019,28.09238904,5168,71.90761096,1.4
Census Tract 27.09,8031002709,8031002709,9,Capitol Hill,10,8031002709,26,1.16539668,680,30.47960556,829,37.15822501,52,2.09846651,19,0.76674738,2231,90.0322841,1456,81.3862493,333,18.6137507,1789,772,43.15259922,61358,50734,2472,204,8.25242718,274,15.31581889,1789,157,6.33575464,2478,2478,9,19.56521739,46,31536.42725,1763,71.14608555,715,28.85391445,5.6
Census Tract 44.06,8031004406,8031004406,42,Lowry Field,5,8031004406,21,0.67545835,503,16.17883564,573,18.43036346,602,15.70161711,578,15.07563902,3109,81.09024517,704,36.95538058,1201,63.04461942,1905,751,39.42257218,132813,82085,3834,98,2.5560772,332,17.42782152,1905,642,16.74491393,3834,3834,20,3.32225914,602,5839.255085,3004,78.35159103,830,21.64840897,6.2
Census Tract 13.01,8031001301,8031001301,1,Athmar Park,7,8031001301,1016,28.23006391,2704,75.13198111,2869,79.71658794,1199,23.59307359,355,6.9854388,3599,70.81857536,818,45.06887052,997,54.93112948,1815,852,46.94214876,67530,28457,5069,733,14.46044585,221,12.17630854,1815,334,6.59948627,5061,5082,383,31.94328607,1199,6971.870519,1649,32.44785518,3433,67.55214482,7.6
Census Tract 14.01,8031001401,8031001401,54,Ruby Hill,7,8031001401,1128,30.33073407,2934,78.89217532,3062,82.33396074,1234,23.01380082,693,12.92428198,3719,69.35844834,1271,58.08957952,917,41.91042048,2188,859,39.25959781,37008,24520,5349,950,17.76032903,402,18.37294333,2188,733,13.67027229,5362,5362,327,26.49918963,1234,6650.606976,1419,26.46400597,3943,73.53599403,4.3
Census Tract 39.02,8031003902,8031003902,21,Cory - Merrill,6,8031003902,21,0.69306931,531,17.52475248,660,21.78217822,961,22.7995255,423,10.03558719,3030,71.886121,301,17.66431925,1403,82.33568075,1704,342,20.07042254,150441,82192,4136,214,5.17408124,13,0.7629108,1704,182,4.35615127,4178,4215,105,11.01783841,953,4995.135816,3572,84.74495848,643,15.25504152,4.5
Census Tract 28.02,8031002802,8031002802,59,Speer,7,8031002802,196,5.12016719,979,25.57471264,1145,29.91118077,207,4.75206612,115,2.64003673,3828,87.87878788,2122,76.08461814,667,23.91538186,2789,938,33.63212621,67684,53194,4356,488,11.20293848,370,13.26640373,2789,366,8.46438483,4324,4356,16,7.7294686,207,12721.9106,3597,82.57575758,759,17.42424242,4.8
Census Tract 24.02,8031002402,8031002402,26,Five Points,9,8031002402,100,7.02247191,689,48.38483146,754,52.9494382,440,22.57567984,128,6.5674705,1424,73.06310929,482,59.14110429,333,40.85889571,815,273,33.49693252,71188,48544,1837,197,10.72400653,261,32.02453988,815,236,12.74986494,1851,1949,227,51.59090909,440,12296.72392,1051,53.92508979,898,46.07491021,3.9
Census Tract 55.03,8031005503,8031005503,27,Fort Logan,2,8031005503,334,9.76893829,1972,57.67768353,2216,64.81427318,1214,25.23908524,552,11.47609148,3419,71.08108108,331,19.05584341,1406,80.94415659,1737,391,22.51007484,92530,37946,4691,602,12.83308463,124,7.13874496,1737,649,13.79090523,4706,4810,208,17.13344316,1214,6185.840393,3145,65.38461538,1665,34.61538462,4.4
Census Tract 43.06,8031004306,8031004306,37,Hilltop,5,8031004306,88,2.39651416,657,17.89215686,785,21.37799564,1105,21.88118812,642,12.71287129,3672,72.71287129,901,41.4825046,1271,58.5174954,2172,648,29.83425414,108571,85723,4930,215,4.36105477,88,4.05156538,2172,548,11.11336443,4931,5050,16,1.4479638,1105,5113.170149,3837,75.98019802,1213,24.01980198,5.6
Census Tract 69.02,8031006902,8031006902,30,Goldsmith,4,8031006902,142,6.10227761,1399,60.1203266,1508,64.80446927,496,15.3750775,330,10.22938624,2327,72.13267204,1239,79.52503209,319,20.47496791,1558,615,39.47368421,56029,35248,2986,575,19.25653048,314,20.15404365,1558,620,20.7635633,2986,3226,264,53.22580645,496,7861.332528,2481,76.90638562,745,23.09361438,5.1
Census Tract 83.87,8031008387,8031008387,45,Montbello,11,8031008387,1152,25.48672566,3484,77.07964602,3900,86.28318584,1894,26.61981729,477,6.70414617,4520,63.52775826,337,19.26815323,1412,80.73184677,1749,408,23.32761578,99667,27593,7100,560,7.88732394,44,2.51572327,1749,395,5.55165144,7115,7115,363,19.16578669,1894,10604.36062,690,9.6978215,6425,90.3021785,5.7
Census Tract 43.10,8031004310,8031004310,46,Montclair,5,8031004310,1,0.05668934,293,16.60997732,332,18.82086168,425,18.41421144,135,5.8492201,1764,76.42980936,98,8.65724382,1034,91.34275618,1132,280,24.73498233,133708,67683,2308,112,4.85268631,16,1.41342756,1132,177,7.66897747,2308,2308,182,42.82352941,425,4635.094736,1717,74.39341421,591,25.60658579,5
Census Tract 41.13,8031004113,8031004113,60,Central Park,8,8031004113,54,3.6437247,567,38.25910931,609,41.09311741,484,24.38287154,72,3.62720403,1482,74.65994962,338,49.41520468,346,50.58479532,684,87,12.71929825,143210,61599,1859,94,5.05648198,35,5.11695906,684,71,3.81925767,1859,1985,26,5.37190083,484,1891.528961,1280,64.4836272,705,35.5163728,1.3
Census Tract 30.06,8031003006,8031003006,51,Platt Park,7,8031003006,3,0.11160714,462,17.1875,586,21.80059524,733,20.9848268,284,8.13054681,2688,76.95390782,475,29.5765878,1131,70.4234122,1606,302,18.80448319,111830,75938,3493,263,7.5293444,36,2.24159402,1606,88,2.51932436,3493,3493,51,6.95770805,733,7446.278289,2842,81.36272545,651,18.63727455,1
Census Tract 21.02,8031002102,8031002102,3,Baker,7,8031002102,32,1.30558956,395,16.11587107,519,21.1750306,187,6.17161716,136,4.48844884,2451,80.89108911,1277,70.51352844,534,29.48647156,1811,482,26.61512976,82076,65193,3030,127,4.19141914,443,24.46162341,1811,382,12.60726073,3030,3030,0,0,187,2636.008926,2373,78.31683168,657,21.68316832,0.4
Census Tract 45.05,8031004505,8031004505,76,Westwood,3,8031004505,1001,36.17636429,2466,89.12179256,2506,90.56740152,1996,39.67402107,146,2.90200755,2767,54.99900616,969,68.52899576,445,31.47100424,1414,747,52.82885431,33674,15125,5013,1407,28.06702573,74,5.23338048,1414,527,10.47505466,5031,5031,702,35.22328149,1993,13023.15901,685,13.61558338,4346,86.38441662,2.9
Census Tract 33,8031003300,8031003300,20,Congress Park,10,8031003300,5,0.19677292,322,12.67217631,435,17.11924439,725,21.89670794,295,8.90969496,2541,76.74418605,396,27.21649485,1059,72.78350515,1455,343,23.57388316,129973,77910,3311,145,4.37934159,33,2.26804124,1455,250,7.55058895,3311,3311,117,16.13793103,725,6654.612927,2782,84.02295379,529,15.97704621,3.4
,,,,,,,,,,,,,,,,,,,,,,,,,,,,,,,,,,,,,,,,,,,,,,
,,,,,,,,,,,,,,,,,,,,,,,,,,,,,,,,,,,,,,,,,,,,,,
,,,,,,,,,,,,,,,,,,,,,,,,,,,,,,,,,,,,,,,,,,,,,,
,,,,,,,,,,,,,,,,,,,,,,,,,,,,,,,,,,,,,,,,,31536.42725,,,,,
,,,,,,,,,,,,,,,,,,,,,,,,,,,,,,,,,,,,,,,,,970.9654884,,,,,
